{
    "root_group": {
        "name": "",
        "path": "",
        "id": "d41d8cd98f00b204e9800998ecf8427e",
        "groups": {},
        "checks": {
                "watchlist 200": {
                    "name": "watchlist 200",
                    "path": "::watchlist 200",
                    "id": "36dc6098cfe29e88174f253af9f2db75",
                    "passes": 301,
                    "fails": 0
                },
                "all movie fetches 200": {
                    "name": "all movie fetches 200",
                    "path": "::all movie fetches 200",
                    "id": "04b3c4dfb3094ffb929570916bc5b029",
                    "passes": 301,
                    "fails": 0
                }
            }
    },
    "metrics": {
        "page_load_duration": {
            "min": 9,
            "med": 12,
            "max": 73,
            "p(90)": 16,
            "p(95)": 18,
            "avg": 13.162790697674419
        },
        "data_received": {
            "count": 4119984,
            "rate": 68377.60614452785
        },
        "http_req_failed": {
            "passes": 0,
            "fails": 3626,
            "thresholds": {
                "rate<0.01": false
            },
            "value": 0
        },
        "vus": {
            "min": 0,
            "max": 0,
            "value": 0
        },
        "vus_max": {
            "value": 10,
            "min": 10,
            "max": 10
        },
        "http_req_connecting": {
            "max": 0.497927,
            "p(90)": 0,
            "p(95)": 0,
            "avg": 0.0049504903474903465,
            "min": 0,
            "med": 0
        },
        "data_sent": {
            "count": 467025,
            "rate": 7751.013477151397
        },
        "http_req_sending": {
            "min": 0.004102,
            "med": 0.009895000000000001,
            "max": 1.021056,
            "p(90)": 0.036616,
            "p(95)": 0.04389275,
            "avg": 0.01662251571980144
        },
        "http_req_blocked": {
            "min": 0.0015,
            "med": 0.004002,
            "max": 1.416662,
            "p(90)": 0.0088535,
            "p(95)": 0.03999025,
            "avg": 0.01390300744622168
        },
        "iterations": {
            "count": 301,
            "rate": 4.995567810336857
        },
        "http_req_waiting": {
            "max": 126.083756,
            "p(90)": 4.326897000000001,
            "p(95)": 5.04238975,
            "avg": 3.637331219525644,
            "min": 2.146358,
            "med": 3.3132289999999998
        },
        "http_reqs": {
            "count": 3626,
            "rate": 60.17916571522073
        },
        "http_req_duration{expected_response:true}": {
            "avg": 3.774217351627146,
            "min": 2.229295,
            "med": 3.434996,
            "max": 126.664505,
            "p(90)": 4.522263000000001,
            "p(95)": 5.2744325000000005
        },
        "http_req_tls_handshaking": {
            "avg": 0,
            "min": 0,
            "med": 0,
            "max": 0,
            "p(90)": 0,
            "p(95)": 0
        },
        "http_req_receiving": {
            "avg": 0.12026361638168775,
            "min": 0.017608,
            "med": 0.081835,
            "max": 6.86215,
            "p(90)": 0.241311,
            "p(95)": 0.30832024999999996
        },
        "checks": {
            "passes": 602,
            "fails": 0,
            "value": 1
        },
        "iteration_duration": {
            "min": 9.32859,
            "med": 12.146814,
            "max": 73.607173,
            "p(90)": 15.960225,
            "p(95)": 18.381239,
            "avg": 13.233104521594694
        },
        "http_req_duration": {
            "avg": 3.774217351627146,
            "min": 2.229295,
            "med": 3.434996,
            "max": 126.664505,
            "p(90)": 4.522263000000001,
            "p(95)": 5.2744325000000005
        }
    },
    "setup_data": {
        "movieIds": [
            4271,
            4270,
            4269,
            4268,
            4267,
            4266,
            4265,
            4264,
            4263,
            4262
        ],
        "token": "eyJhbGciOiJIUzI1NiIsInR5cCI6IkpXVCJ9.eyJpc3MiOiJtaWNyb2ZsaXgtdXNlci1zZXJ2aWNlIiwic3ViIjoibG9hZHRlc3RAbWljcm9mbGl4LmxvY2FsIiwidXNlcklkIjoiZjYxYTRmZjMtNzZlYi00MzYxLThmNDEtZmVmNzJkNjM0MDNhIiwicm9sZXMiOiJVU0VSIiwiaWF0IjoxNzc3MDAyMDk3LCJleHAiOjE3NzcwMDU2OTd9.Zm_Cch-5doBN2ugFfrMmhgv-lvdS7CP2v2K7fnrlg8c"
    }
}